filename,width,height,class,xmin,ymin,xmax,ymax
flipped (1).jpg,640,480,key,41,181,407,407
flipped (10).jpg,640,480,key,415,151,593,593
flipped (11).jpg,640,480,key,201,89,357,357
flipped (12).jpg,640,480,key,311,225,373,373
flipped (13).jpg,640,480,key,251,163,517,517
flipped (14).jpg,640,480,key,316,101,424,424
flipped (15).jpg,640,480,key,444,71,550,550
flipped (16).jpg,640,480,key,92,95,196,196
flipped (17).jpg,640,480,key,216,69,500,500
flipped (18).jpg,640,480,key,330,313,582,582
flipped (19).jpg,640,480,key,210,181,372,372
flipped (2).jpg,640,480,key,250,143,588,588
flipped (20).jpg,640,480,key,136,89,304,304
flipped (21).jpg,640,480,key,426,93,584,584
flipped (22).jpg,640,480,key,366,181,468,468
flipped (23).jpg,640,480,key,278,117,384,384
flipped (24).jpg,640,480,key,140,23,252,252
flipped (25).jpg,640,480,key,134,19,248,248
flipped (26).jpg,640,480,key,106,67,544,544
flipped (27).jpg,640,480,key,314,181,356,356
flipped (28).jpg,640,480,key,86,43,492,492
flipped (29).jpg,640,480,key,50,117,430,430
flipped (3).jpg,640,480,key,40,351,186,186
flipped (30).jpg,640,480,key,368,155,572,572
flipped (31).jpg,640,480,key,104,37,312,312
flipped (4).jpg,640,480,key,234,243,566,566
flipped (5).jpg,640,480,key,460,235,532,532
flipped (6).jpg,640,480,key,322,113,522,522
flipped (7).jpg,640,480,key,94,205,442,442
flipped (8).jpg,640,480,key,312,157,418,418
flipped (9).jpg,640,480,key,256,291,384,384
flippedAndRotated (1).jpg,640,480,key,150,23,548,548
flippedAndRotated (10).jpg,640,480,key,118,103,318,318
flippedAndRotated (11).jpg,640,480,key,194,153,546,546
flippedAndRotated (12).jpg,640,480,key,228,125,330,330
flippedAndRotated (13).jpg,640,480,key,256,93,404,404
flippedAndRotated (14).jpg,640,480,key,54,135,214,214
flippedAndRotated (15).jpg,640,480,key,288,175,440,440
flippedAndRotated (16).jpg,640,480,key,270,79,328,328
flippedAndRotated (17).jpg,640,480,key,122,167,390,390
flippedAndRotated (18).jpg,640,480,key,220,61,330,330
flippedAndRotated (19).jpg,640,480,key,92,91,196,196
flippedAndRotated (2).jpg,640,480,key,208,97,584,584
flippedAndRotated (20).jpg,640,480,key,440,69,544,544
flippedAndRotated (21).jpg,640,480,key,138,249,428,428
flippedAndRotated (22).jpg,640,480,key,62,23,330,330
flippedAndRotated (23).jpg,640,480,key,267,211,433,433
flippedAndRotated (24).jpg,640,480,key,339,161,503,503
flippedAndRotated (25).jpg,640,480,key,57,119,209,209
flippedAndRotated (26).jpg,640,480,key,171,125,277,277
flippedAndRotated (27).jpg,640,480,key,259,203,363,363
flippedAndRotated (28).jpg,640,480,key,385,309,499,499
flippedAndRotated (29).jpg,640,480,key,391,315,507,507
flippedAndRotated (3).jpg,640,480,key,59,31,271,271
flippedAndRotated (30).jpg,640,480,key,95,63,535,535
flippedAndRotated (31).jpg,640,480,key,284,152,326,326
flippedAndRotated (4).jpg,640,480,key,328,50,538,538
flippedAndRotated (5).jpg,640,480,key,232,104,596,596
flippedAndRotated (6).jpg,640,480,key,56,266,392,392
flippedAndRotated (7).jpg,640,480,key,456,62,602,602
flippedAndRotated (8).jpg,640,480,key,80,66,408,408
flippedAndRotated (9).jpg,640,480,key,108,126,182,182
normal (1).jpg,640,480,key,68,158,270,270
normal (10).jpg,640,480,key,226,162,328,328
normal (11).jpg,640,480,key,256,300,378,378
normal (12).jpg,640,480,key,58,154,208,208
normal (13).jpg,640,480,key,294,92,436,436
normal (14).jpg,640,480,key,270,222,326,326
normal (15).jpg,640,480,key,126,169,390,390
normal (16).jpg,640,480,key,222,103,326,326
normal (17).jpg,640,480,key,92,71,194,194
normal (18).jpg,640,480,key,440,93,548,548
normal (19).jpg,640,480,key,136,69,420,420
normal (2).jpg,640,480,key,330,39,534,534
normal (20).jpg,640,480,key,60,313,314,314
normal (21).jpg,640,480,key,270,179,430,430
normal (22).jpg,640,480,key,336,87,502,502
normal (23).jpg,640,480,key,56,91,214,214
normal (24).jpg,640,480,key,168,183,274,274
normal (25).jpg,640,480,key,260,115,362,362
normal (26).jpg,640,480,key,384,23,500,500
normal (27).jpg,640,480,key,392,17,506,506
normal (28).jpg,640,480,key,98,69,532,532
normal (29).jpg,640,480,key,284,173,328,328
normal (3).jpg,640,480,key,234,173,602,602
normal (30).jpg,640,480,key,148,43,548,548
normal (31).jpg,640,480,key,212,113,586,586
normal (4).jpg,640,480,key,54,141,388,388
normal (5).jpg,640,480,key,462,351,604,604
normal (6).jpg,640,480,key,76,245,402,402
normal (7).jpg,640,480,key,112,239,182,182
normal (8).jpg,640,480,key,116,113,318,318
normal (9).jpg,640,480,key,198,211,546,546
rotated (1).jpg,640,480,key,102,53,312,312
rotated (10).jpg,640,480,key,248,97,386,386
rotated (11).jpg,640,480,key,440,139,588,588
rotated (12).jpg,640,480,key,200,181,346,346
rotated (13).jpg,640,480,key,310,85,382,382
rotated (14).jpg,640,480,key,252,161,512,512
rotated (15).jpg,640,480,key,312,64,424,424
rotated (16).jpg,640,480,key,446,88,548,548
rotated (17).jpg,640,480,key,92,72,198,198
rotated (18).jpg,640,480,key,214,250,500,500
rotated (19).jpg,640,480,key,328,30,580,580
rotated (2).jpg,640,480,key,36,104,410,410
rotated (20).jpg,640,480,key,210,214,370,370
rotated (21).jpg,640,480,key,140,170,304,304
rotated (22).jpg,640,480,key,424,118,584,584
rotated (23).jpg,640,480,key,366,120,470,470
rotated (24).jpg,640,480,key,278,200,388,388
rotated (25).jpg,640,480,key,140,306,254,254
rotated (26).jpg,640,480,key,132,312,246,246
rotated (27).jpg,640,480,key,104,62,542,542
rotated (28).jpg,640,480,key,310,152,360,360
rotated (29).jpg,640,480,key,88,24,492,492
rotated (3).jpg,640,480,key,250,262,582,582
rotated (30).jpg,640,480,key,52,96,448,448
rotated (31).jpg,640,480,key,372,32,578,578
rotated (4).jpg,640,480,key,42,58,184,184
rotated (5).jpg,640,480,key,234,60,564,564
rotated (6).jpg,640,480,key,462,134,534,534
rotated (7).jpg,640,480,key,322,106,524,524
rotated (8).jpg,640,480,key,92,152,444,444
rotated (9).jpg,640,480,key,312,120,416,416
Rotated180Pic (109).jpg,640,480,key,203,264,295,290
Rotated180Pic (110).jpg,640,480,key,153,179,293,257
Rotated180Pic (111).jpg,640,480,key,311,223,395,333
Rotated180Pic (112).jpg,640,480,key,332,244,441,307
Rotated180Pic (113).jpg,640,480,key,353,227,540,330
Rotated180Pic (114).jpg,640,480,key,218,282,333,426
Rotated180Pic (115).jpg,640,480,key,295,46,394,247
Rotated180Pic (116).jpg,640,480,key,314,229,345,282
Rotated180Pic (123).jpg,640,480,key,279,179,355,239
Rotated180Pic (126).jpg,640,480,key,338,259,364,280
Rotated180Pic (135).jpg,640,480,key,285,236,357,263
Rotated180Pic (136).jpg,640,480,key,304,244,368,294
Rotated180Pic (137).jpg,640,480,key,289,230,337,287
Rotated180Pic (140).jpg,640,480,key,90,193,346,300
Rotated180Pic (141).jpg,640,480,key,276,197,318,226
Rotated180Pic (142).jpg,640,480,key,298,225,355,283
Rotated180Pic (154).jpg,640,480,key,216,150,325,315
Rotated180Pic (162).jpg,640,480,key,286,135,390,334
Rotated180Pic (166).jpg,640,480,key,274,103,372,307
Rotated180Pic (167).jpg,640,480,key,376,156,434,211
Rotated180Pic (17).jpg,640,480,key,330,170,444,260
Rotated180Pic (18).jpg,640,480,key,327,163,493,288
Rotated180Pic (181).jpg,640,480,key,184,142,264,229
Rotated180Pic (182).jpg,640,480,key,301,209,336,250
Rotated180Pic (183).jpg,640,480,key,332,200,412,295
Rotated180Pic (19).jpg,640,480,key,264,226,373,309
Rotated180Pic (2).jpg,640,480,key,291,212,406,275
Rotated180Pic (20).jpg,640,480,key,292,249,331,289
Rotated180Pic (23).jpg,640,480,key,262,178,346,229
Rotated180Pic (24).jpg,640,480,key,284,249,338,266
Rotated180Pic (27).jpg,640,480,key,296,230,339,255
Rotated180Pic (28).jpg,640,480,key,336,210,365,233
Rotated180Pic (3).jpg,640,480,key,292,208,377,290
Rotated180Pic (34).jpg,640,480,key,342,209,423,377
Rotated180Pic (36).jpg,640,480,key,333,230,387,279
Rotated180Pic (37).jpg,640,480,key,476,140,558,181
Rotated180Pic (4).jpg,640,480,key,164,190,280,225
Rotated180Pic (40).jpg,640,480,key,297,232,380,288
Rotated180Pic (41).jpg,640,480,key,263,127,369,323
Rotated180Pic (42).jpg,640,480,key,225,207,392,282
Rotated180Pic (43).jpg,640,480,key,248,178,414,299
Rotated180Pic (44).jpg,640,480,key,281,188,403,297
Rotated180Pic (45).jpg,640,480,key,191,210,231,254
Rotated180Pic (46).jpg,640,480,key,131,129,222,174
Rotated180Pic (47).jpg,640,480,key,207,266,249,366
Rotated180Pic (5).jpg,640,480,key,262,109,316,230
Rotated180Pic (53).jpg,640,480,key,355,138,414,252
Rotated180Pic (54).jpg,640,480,key,254,275,286,332
Rotated180Pic (55).jpg,640,480,key,289,235,386,295
Rotated180Pic (56).jpg,640,480,key,255,217,339,301
Rotated180Pic (57).jpg,640,480,key,290,206,392,246
Rotated180Pic (58).jpg,640,480,key,279,185,379,253
Rotated180Pic (59).jpg,640,480,key,314,171,366,273
Rotated180Pic (6).jpg,640,480,key,309,212,425,251
Rotated180Pic (60).jpg,640,480,key,315,227,374,264
Rotated180Pic (61).jpg,640,480,key,298,251,339,268
Rotated180Pic (65).jpg,640,480,key,302,200,365,289
Rotated180Pic (66).jpg,640,480,key,275,244,344,308
Rotated180Pic (7).jpg,640,480,key,466,118,551,217
Rotated180Pic (72).jpg,640,480,key,273,243,383,289
Rotated180Pic (73).jpg,640,480,key,222,258,345,296
Rotated180Pic (74).jpg,640,480,key,266,184,373,239
Rotated180Pic (75).jpg,640,480,key,320,176,398,230
Rotated180Pic (76).jpg,640,480,key,292,161,436,227
Rotated180Pic (8).jpg,640,480,key,146,147,234,234
Rotated180Pic (83).jpg,640,480,key,278,117,458,339
Rotated180Pic (84).jpg,640,480,key,293,211,456,293
Rotated180Pic (87).jpg,640,480,key,305,264,345,282
Rotated180Pic (88).jpg,640,480,key,372,219,399,248
Rotated180Pic (89).jpg,640,480,key,328,283,359,307
Rotated180Pic (9).jpg,640,480,key,350,179,563,307
Rotated180Pic (90).jpg,640,480,key,321,268,377,304
Rotated180Pic (91).jpg,640,480,key,351,225,389,270
Rotated180Pic (93).jpg,640,480,key,280,217,371,278
Rotated180Pic (94).jpg,640,480,key,294,211,392,252
Rotated180Pic (95).jpg,640,480,key,313,179,353,262
Rotated180Pic (96).jpg,640,480,key,297,156,374,209
Rotated180Pic (99).jpg,640,480,key,294,204,429,267
Rotated180PictureFlip (100).jpg,640,480,key,301,238,339,257
Rotated180PictureFlip (101).jpg,640,480,key,333,238,396,264
Rotated180PictureFlip (102).jpg,640,480,key,292,198,538,294
Rotated180PictureFlip (103).jpg,640,480,key,320,199,361,222
Rotated180PictureFlip (104).jpg,640,480,key,284,229,338,283
Rotated180PictureFlip (111).jpg,640,480,key,319,156,417,310
Rotated180PictureFlip (117).jpg,640,480,key,257,141,353,328
Rotated180PictureFlip (120).jpg,640,480,key,272,114,359,303
Rotated180PictureFlip (131).jpg,640,480,key,381,142,450,228
Rotated180PictureFlip (133).jpg,640,480,key,229,203,305,296
Rotated180PictureFlip (136).jpg,640,480,key,281,209,345,266
Rotated180PictureFlip (14).jpg,640,480,key,227,217,291,371
Rotated180PictureFlip (20).jpg,640,480,key,266,236,338,284
Rotated180PictureFlip (21).jpg,640,480,key,291,132,372,315
Rotated180PictureFlip (22).jpg,640,480,key,258,207,410,279
Rotated180PictureFlip (23).jpg,640,480,key,238,188,388,278
Rotated180PictureFlip (24).jpg,640,480,key,246,197,348,290
Rotated180PictureFlip (25).jpg,640,480,key,412,211,443,249
Rotated180PictureFlip (26).jpg,640,480,key,420,133,506,167
Rotated180PictureFlip (27).jpg,640,480,key,399,268,429,363
Rotated180PictureFlip (3).jpg,640,480,key,299,183,377,225
Rotated180PictureFlip (35).jpg,640,480,key,264,243,350,283
Rotated180PictureFlip (36).jpg,640,480,key,307,217,381,298
Rotated180PictureFlip (37).jpg,640,480,key,251,205,345,246
Rotated180PictureFlip (38).jpg,640,480,key,267,186,358,246
Rotated180PictureFlip (39).jpg,640,480,key,279,173,317,269
Rotated180PictureFlip (40).jpg,640,480,key,267,231,321,261
Rotated180PictureFlip (43).jpg,640,480,key,290,204,330,286
Rotated180PictureFlip (50).jpg,640,480,key,262,248,367,287
Rotated180PictureFlip (51).jpg,640,480,key,300,262,412,290
Rotated180PictureFlip (52).jpg,640,480,key,276,188,372,235
Rotated180PictureFlip (53).jpg,640,480,key,245,180,315,225
Rotated180PictureFlip (54).jpg,640,480,key,222,170,345,222
Rotated180PictureFlip (60).jpg,640,480,key,232,196,314,306
Rotated180PictureFlip (61).jpg,640,480,key,190,120,356,339
Rotated180PictureFlip (62).jpg,640,480,key,198,218,340,286
Rotated180PictureFlip (64).jpg,640,480,key,135,153,316,219
Rotated180PictureFlip (65).jpg,640,480,key,298,265,334,279
Rotated180PictureFlip (66).jpg,640,480,key,242,217,267,247
Rotated180PictureFlip (67).jpg,640,480,key,283,285,312,305
Rotated180PictureFlip (68).jpg,640,480,key,264,272,317,303
Rotated180PictureFlip (69).jpg,640,480,key,254,229,287,268
Rotated180PictureFlip (71).jpg,640,480,key,274,217,359,274
Rotated180PictureFlip (72).jpg,640,480,key,252,214,343,250
Rotated180PictureFlip (73).jpg,640,480,key,288,183,324,260
Rotated180PictureFlip (74).jpg,640,480,key,269,160,341,205
Rotated180PictureFlip (75).jpg,640,480,key,248,321,374,362
Rotated180PictureFlip (77).jpg,640,480,key,214,209,343,265
Rotated180PictureFlip (84).jpg,640,480,key,345,263,435,290
Rotated180PictureFlip (85).jpg,640,480,key,350,183,488,253
Rotated180PictureFlip (86).jpg,640,480,key,253,227,320,328
Rotated180PictureFlip (87).jpg,640,480,key,208,245,306,303
Rotated180PictureFlip (88).jpg,640,480,key,108,229,293,328
Rotated180PictureFlip (89).jpg,640,480,key,313,288,408,425
Rotated180PictureFlip (90).jpg,640,480,key,250,51,340,233
Rotated180PictureFlip (91).jpg,640,480,key,295,232,323,279
Rotated180PictureFlip (95).jpg,640,480,key,288,180,358,237
Rotated180PictureFlip (97).jpg,640,480,key,287,239,349,261
Rotated180PictureFlip (98).jpg,640,480,key,277,246,330,295
Rotated180PictureFlip (99).jpg,640,480,key,305,231,347,284
SmallPicture (10).jpg,640,480,key,295,260,319,296
SmallPicture (100).jpg,640,480,key,211,213,345,272
SmallPicture (113).jpg,640,480,key,344,188,434,216
SmallPicture (114).jpg,640,480,key,346,228,486,300
SmallPicture (115).jpg,640,480,key,253,152,321,253
SmallPicture (116).jpg,640,480,key,208,176,306,235
SmallPicture (117).jpg,640,480,key,107,151,294,254
SmallPicture (118).jpg,640,480,key,311,54,411,191
SmallPicture (119).jpg,640,480,key,246,248,343,427
SmallPicture (120).jpg,640,480,key,295,199,324,250
SmallPicture (127).jpg,640,480,key,286,239,354,299
SmallPicture (139).jpg,640,480,key,286,219,350,241
SmallPicture (140).jpg,640,480,key,276,186,330,234
SmallPicture (141).jpg,640,480,key,305,196,349,249
SmallPicture (143).jpg,640,480,key,335,218,394,242
SmallPicture (144).jpg,640,480,key,289,185,536,280
SmallPicture (145).jpg,640,480,key,320,255,362,281
SmallPicture (146).jpg,640,480,key,282,199,343,252
SmallPicture (162).jpg,640,480,key,320,170,418,326
SmallPicture (177).jpg,640,480,key,254,150,351,339
SmallPicture (18).jpg,640,480,key,153,194,308,313
SmallPicture (182).jpg,640,480,key,272,174,361,366
SmallPicture (19).jpg,640,480,key,270,174,374,255
SmallPicture (2).jpg,640,480,key,237,208,347,265
SmallPicture (20).jpg,640,480,key,312,194,346,229
SmallPicture (217).jpg,640,480,key,382,251,450,332
SmallPicture (223).jpg,640,480,key,228,184,303,278
SmallPicture (23).jpg,640,480,key,298,255,379,298
SmallPicture (24).jpg,640,480,key,306,215,354,230
SmallPicture (3).jpg,640,480,key,265,193,343,267
SmallPicture (34).jpg,640,480,key,226,106,289,265
SmallPicture (36).jpg,640,480,key,258,203,297,245
SmallPicture (4).jpg,640,480,key,363,262,473,282
SmallPicture (40).jpg,640,480,key,264,193,340,244
SmallPicture (41).jpg,640,480,key,288,164,375,346
SmallPicture (42).jpg,640,480,key,256,200,410,272
SmallPicture (43).jpg,640,480,key,238,200,386,292
SmallPicture (44).jpg,640,480,key,244,187,350,284
SmallPicture (45).jpg,640,480,key,412,228,445,269
SmallPicture (46).jpg,640,480,key,420,313,505,348
SmallPicture (47).jpg,640,480,key,398,115,429,211
SmallPicture (5).jpg,640,480,key,332,255,369,365
SmallPicture (55).jpg,640,480,key,263,196,350,236
SmallPicture (56).jpg,640,480,key,306,181,384,262
SmallPicture (57).jpg,640,480,key,253,234,349,274
SmallPicture (58).jpg,640,480,key,267,232,356,292
SmallPicture (59).jpg,640,480,key,278,211,318,308
SmallPicture (6).jpg,640,480,key,218,229,327,265
SmallPicture (60).jpg,640,480,key,268,217,323,251
SmallPicture (65).jpg,640,480,key,289,195,330,275
SmallPicture (7).jpg,640,480,key,92,263,168,360
SmallPicture (72).jpg,640,480,key,179,101,272,147
SmallPicture (73).jpg,640,480,key,263,193,367,232
SmallPicture (74).jpg,640,480,key,300,189,411,216
SmallPicture (75).jpg,640,480,key,271,242,373,291
SmallPicture (76).jpg,640,480,key,246,254,316,298
SmallPicture (77).jpg,640,480,key,226,259,346,309
SmallPicture (79).jpg,640,480,key,302,175,412,196
SmallPicture (8).jpg,640,480,key,408,253,488,329
SmallPicture (83).jpg,640,480,key,234,172,315,283
SmallPicture (84).jpg,640,480,key,188,143,355,358
SmallPicture (85).jpg,640,480,key,195,193,337,262
SmallPicture (87).jpg,640,480,key,140,260,314,329
SmallPicture (88).jpg,640,480,key,298,200,335,215
SmallPicture (89).jpg,640,480,key,242,232,268,260
SmallPicture (9).jpg,640,480,key,83,184,289,294
SmallPicture (91).jpg,640,480,key,263,177,316,207
SmallPicture (92).jpg,640,480,key,252,212,288,251
SmallPicture (94).jpg,640,480,key,273,204,358,263
SmallPicture (95).jpg,640,480,key,252,229,341,265
SmallPicture (96).jpg,640,480,key,289,220,323,298
SmallPicture (97).jpg,640,480,key,269,274,339,317
SmallPicture (98).jpg,640,480,key,248,117,372,155
SmalPictureFlip (10).jpg,640,480,key,353,184,555,291
SmalPictureFlip (101).jpg,640,480,key,205,188,296,215
SmalPictureFlip (102).jpg,640,480,key,154,227,292,301
SmalPictureFlip (103).jpg,640,480,key,320,150,386,253
SmalPictureFlip (104).jpg,640,480,key,336,177,433,234
SmalPictureFlip (105).jpg,640,480,key,351,152,533,250
SmalPictureFlip (106).jpg,640,480,key,232,56,329,190
SmalPictureFlip (107).jpg,640,480,key,302,247,392,427
SmalPictureFlip (108).jpg,640,480,key,317,200,347,247
SmalPictureFlip (115).jpg,640,480,key,282,241,351,297
SmalPictureFlip (127).jpg,640,480,key,290,220,353,241
SmalPictureFlip (128).jpg,640,480,key,311,186,364,234
SmalPictureFlip (129).jpg,640,480,key,294,196,336,248
SmalPictureFlip (13).jpg,640,480,key,337,225,437,303
SmalPictureFlip (130).jpg,640,480,key,302,224,338,239
SmalPictureFlip (131).jpg,640,480,key,246,217,307,239
SmalPictureFlip (132).jpg,640,480,key,106,187,349,279
SmalPictureFlip (133).jpg,640,480,key,280,256,320,281
SmalPictureFlip (134).jpg,640,480,key,300,199,353,251
SmalPictureFlip (139).jpg,640,480,key,223,172,319,324
SmalPictureFlip (14).jpg,640,480,key,334,196,488,310
SmalPictureFlip (148).jpg,640,480,key,282,178,366,365
SmalPictureFlip (15).jpg,640,480,key,269,176,370,253
SmalPictureFlip (157).jpg,640,480,key,188,251,260,334
SmalPictureFlip (16).jpg,640,480,key,294,194,329,229
SmalPictureFlip (162).jpg,640,480,key,335,186,410,276
SmalPictureFlip (19).jpg,640,480,key,262,254,343,295
SmalPictureFlip (20).jpg,640,480,key,290,216,334,229
SmalPictureFlip (3).jpg,640,480,key,294,209,405,264
SmalPictureFlip (35).jpg,640,480,key,303,194,374,244
SmalPictureFlip (36).jpg,640,480,key,269,165,352,342
SmalPictureFlip (37).jpg,640,480,key,231,200,384,269
SmalPictureFlip (38).jpg,640,480,key,255,201,403,290
SmalPictureFlip (39).jpg,640,480,key,292,190,395,281
SmalPictureFlip (4).jpg,640,480,key,302,194,373,266
SmalPictureFlip (40).jpg,640,480,key,196,230,229,268
SmalPictureFlip (41).jpg,640,480,key,136,313,220,346
SmalPictureFlip (42).jpg,640,480,key,214,117,241,210
SmalPictureFlip (5).jpg,640,480,key,165,261,280,284
SmalPictureFlip (50).jpg,640,480,key,289,197,373,238
SmalPictureFlip (51).jpg,640,480,key,260,184,333,259
SmalPictureFlip (52).jpg,640,480,key,293,236,388,271
SmalPictureFlip (53).jpg,640,480,key,283,233,372,291
SmalPictureFlip (54).jpg,640,480,key,322,212,363,307
SmalPictureFlip (55).jpg,640,480,key,319,220,372,250
SmalPictureFlip (56).jpg,640,480,key,303,214,338,226
SmalPictureFlip (57).jpg,640,480,key,312,195,351,274
SmalPictureFlip (6).jpg,640,480,key,273,253,305,367
SmalPictureFlip (64).jpg,640,480,key,272,192,379,231
SmalPictureFlip (65).jpg,640,480,key,228,189,340,216
SmalPictureFlip (66).jpg,640,480,key,268,244,368,288
SmalPictureFlip (67).jpg,640,480,key,326,255,395,297
SmalPictureFlip (68).jpg,640,480,key,297,258,418,309
SmalPictureFlip (69).jpg,640,480,key,229,176,339,198
SmalPictureFlip (7).jpg,640,480,key,315,229,421,264
SmalPictureFlip (70).jpg,640,480,key,344,200,429,222
SmalPictureFlip (73).jpg,640,480,key,326,175,405,285
SmalPictureFlip (74).jpg,640,480,key,286,144,452,359
SmalPictureFlip (75).jpg,640,480,key,303,194,444,262
SmalPictureFlip (77).jpg,640,480,key,324,260,506,333
SmalPictureFlip (78).jpg,640,480,key,307,200,344,213
SmalPictureFlip (79).jpg,640,480,key,373,232,398,261
SmalPictureFlip (8).jpg,640,480,key,474,263,545,358
SmalPictureFlip (81).jpg,640,480,key,324,177,376,208
SmalPictureFlip (82).jpg,640,480,key,353,212,387,250
SmalPictureFlip (84).jpg,640,480,key,283,204,367,261
SmalPictureFlip (85).jpg,640,480,key,301,229,388,265
SmalPictureFlip (86).jpg,640,480,key,317,220,352,297
SmalPictureFlip (87).jpg,640,480,key,267,118,391,156
SmalPictureFlip (88).jpg,640,480,key,354,111,433,136
SmalPictureFlip (89).jpg,640,480,key,301,215,426,269
SmalPictureFlip (9).jpg,640,480,key,152,254,232,328
